{
  "kappa": 0.8845448976678952,
  "score": 3,
  "temperatures": [
    0.2,
    0.4,
    0.6
  ],
  "kappas": [
    0.9142467693870188,
    0.8733883238568111,
    0.865999599759856
  ]
}