{
  "unique_constructs": 57,
  "entropy": 5.41920113074345,
  "max_entropy": 5.832890014164741,
  "normalized_score": 0.9290765156866188,
  "score": 3
}