{
  "total_items": 279,
  "ceiling_items": 225,
  "floor_items": 25,
  "ceiling_percentage": 80.64516129032258,
  "floor_percentage": 8.960573476702509,
  "total_percentage": 89.60573476702508,
  "score": 0
}