{
  "accuracy": 87.45519713261649,
  "ci_lower": 83.51254480286738,
  "ci_upper": 91.0394265232975,
  "ci_width": 7.5268817204301115,
  "score": 1
}