{
  "original_accuracy": 87.45519713261649,
  "perturbed_accuracy": 85.66308243727599,
  "accuracy_drop": 1.7921146953405076,
  "score": 3
}